1,true,e8f49d7d15c54bd0b2d05f8c4bc4ab9a.jpeg,2022-01-31 20:16:48.924193 +00:00,2022-01-31 20:16:48.924193 +00:00,,1
2,false,4947df4803f0457da4db2fd088e36c0f.jpg,2022-01-31 20:16:49.180300 +00:00,2022-01-31 20:16:49.180300 +00:00,,1
3,false,733415ca926f490caf8d65201915d4db.jpeg,2022-01-31 20:16:49.344810 +00:00,2022-01-31 20:16:49.344810 +00:00,,1
6,false,0857d8d470434e60be652f7f8420e5cf.jpeg,2022-01-31 20:17:58.280676 +00:00,2022-01-31 20:17:58.280676 +00:00,,2
7,true,fb5d1fa7e2834d2fbe2f725b509a7bf2.jpg,2022-01-31 20:18:26.927780 +00:00,2022-01-31 20:18:26.927780 +00:00,,3
8,false,b4c27cbc305043e08c480caa96ea3372.jpg,2022-01-31 20:18:27.193693 +00:00,2022-01-31 20:18:27.193693 +00:00,,3
9,false,dedb59d7efb2467e9d08b076d35dca44.jpeg,2022-01-31 20:18:27.349186 +00:00,2022-01-31 20:18:27.349186 +00:00,,3
10,true,65cd5529119640e09d85acf76f88ebaa.jpg,2022-01-31 20:20:56.563300 +00:00,2022-01-31 20:20:56.563300 +00:00,,4
11,false,a9b466341a3c4a6eaf5b3a75c46cc882.jpg,2022-01-31 20:20:56.893141 +00:00,2022-01-31 20:20:56.893141 +00:00,,4
12,false,3f8dd91398d841efa319049848f43677.jpeg,2022-01-31 20:20:57.060125 +00:00,2022-01-31 20:20:57.060125 +00:00,,4
4,false,ac013a294da14320a8f991ed91db1d5f.jpg,2022-01-31 20:17:57.766385 +00:00,2022-02-01 15:11:19.588824 +00:00,,2
5,true,c15f03d377334761abe7e7db13fb027a.jpg,2022-01-31 20:17:58.109710 +00:00,2022-02-01 15:11:19.600320 +00:00,,2
