1,fswe,rge,2022-01-31 20:17:58.501971 +00:00,2022-01-31 20:17:58.501971 +00:00,,2,1
2,sad f,fas df,2022-01-31 20:17:58.505554 +00:00,2022-01-31 20:17:58.505554 +00:00,,1,1
3,fwe,wfefe,2022-01-31 20:17:58.703256 +00:00,2022-01-31 20:17:58.703256 +00:00,,2,2
4,few,rrfr,2022-01-31 20:17:58.704156 +00:00,2022-01-31 20:17:58.704156 +00:00,,1,2
5,fswe,rge,2022-01-31 20:18:27.584240 +00:00,2022-01-31 20:18:27.584240 +00:00,,2,3
6,sad f,fas df,2022-01-31 20:18:27.586256 +00:00,2022-01-31 20:18:27.586256 +00:00,,1,3
7,fwe,wfefe,2022-01-31 20:18:27.825572 +00:00,2022-01-31 20:18:27.825572 +00:00,,2,4
8,few,rrfr,2022-01-31 20:18:27.826570 +00:00,2022-01-31 20:18:27.826570 +00:00,,1,4
9,fswe,rge,2022-01-31 20:20:57.272042 +00:00,2022-01-31 20:20:57.272042 +00:00,,2,5
10,sad f,fas df,2022-01-31 20:20:57.273598 +00:00,2022-01-31 20:20:57.273598 +00:00,,1,5
11,fwe,wfefe,2022-01-31 20:20:57.516887 +00:00,2022-01-31 20:20:57.516887 +00:00,,2,6
12,few,rrfr,2022-01-31 20:20:57.517881 +00:00,2022-01-31 20:20:57.517881 +00:00,,1,6
